"Source","Target"
"back","dietitian"
"back","experi"
"back","get"
"back","health"
"back","help"
"back","job"
"back","learn"
"back","look"
"back","manag"
"back","new"
"back","one"
"back","peopl"
"back","practic"
"back","privat"
"back","question"
"back","realli"
"back","recent"
"back","seem"
"back","sinc"
"back","start"
"back","thank"
"back","think"
"back","tri"
"back","weight"
"back","work"
"dietitian","experi"
"dietitian","get"
"dietitian","health"
"dietitian","help"
"dietitian","job"
"dietitian","learn"
"dietitian","look"
"dietitian","manag"
"dietitian","new"
"dietitian","one"
"dietitian","peopl"
"dietitian","practic"
"dietitian","privat"
"dietitian","question"
"dietitian","realli"
"dietitian","recent"
"dietitian","seem"
"dietitian","sinc"
"dietitian","start"
"dietitian","thank"
"dietitian","think"
"dietitian","tri"
"dietitian","weight"
"dietitian","work"
"experi","get"
"experi","health"
"experi","help"
"experi","job"
"experi","learn"
"experi","look"
"experi","manag"
"experi","new"
"experi","one"
"experi","peopl"
"experi","practic"
"experi","privat"
"experi","question"
"experi","realli"
"experi","recent"
"experi","seem"
"experi","sinc"
"experi","start"
"experi","thank"
"experi","think"
"experi","tri"
"experi","weight"
"experi","work"
"get","health"
"get","help"
"get","job"
"get","learn"
"get","look"
"get","manag"
"get","new"
"get","one"
"get","peopl"
"get","practic"
"get","privat"
"get","question"
"get","realli"
"get","recent"
"get","seem"
"get","sinc"
"get","start"
"get","thank"
"get","think"
"get","tri"
"get","weight"
"get","work"
"health","help"
"health","job"
"health","learn"
"health","look"
"health","manag"
"health","new"
"health","one"
"health","peopl"
"health","practic"
"health","privat"
"health","question"
"health","realli"
"health","recent"
"health","seem"
"health","sinc"
"health","start"
"health","thank"
"health","think"
"health","tri"
"health","weight"
"health","work"
"help","job"
"help","learn"
"help","look"
"help","manag"
"help","new"
"help","one"
"help","peopl"
"help","practic"
"help","privat"
"help","question"
"help","realli"
"help","recent"
"help","seem"
"help","sinc"
"help","start"
"help","thank"
"help","think"
"help","tri"
"help","weight"
"help","work"
"job","learn"
"job","look"
"job","manag"
"job","new"
"job","one"
"job","peopl"
"job","practic"
"job","privat"
"job","question"
"job","realli"
"job","recent"
"job","seem"
"job","sinc"
"job","start"
"job","thank"
"job","think"
"job","tri"
"job","weight"
"job","work"
"learn","look"
"learn","manag"
"learn","new"
"learn","one"
"learn","peopl"
"learn","practic"
"learn","privat"
"learn","question"
"learn","realli"
"learn","recent"
"learn","seem"
"learn","sinc"
"learn","start"
"learn","thank"
"learn","think"
"learn","tri"
"learn","weight"
"learn","work"
"look","manag"
"look","new"
"look","one"
"look","peopl"
"look","practic"
"look","privat"
"look","question"
"look","realli"
"look","recent"
"look","seem"
"look","sinc"
"look","start"
"look","thank"
"look","think"
"look","tri"
"look","weight"
"look","work"
"manag","new"
"manag","one"
"manag","peopl"
"manag","practic"
"manag","privat"
"manag","question"
"manag","realli"
"manag","recent"
"manag","seem"
"manag","sinc"
"manag","start"
"manag","thank"
"manag","think"
"manag","tri"
"manag","weight"
"manag","work"
"new","one"
"new","peopl"
"new","practic"
"new","privat"
"new","question"
"new","realli"
"new","recent"
"new","seem"
"new","sinc"
"new","start"
"new","thank"
"new","think"
"new","tri"
"new","weight"
"new","work"
"one","peopl"
"one","practic"
"one","privat"
"one","question"
"one","realli"
"one","recent"
"one","seem"
"one","sinc"
"one","start"
"one","thank"
"one","think"
"one","tri"
"one","weight"
"one","work"
"peopl","practic"
"peopl","privat"
"peopl","question"
"peopl","realli"
"peopl","recent"
"peopl","seem"
"peopl","sinc"
"peopl","start"
"peopl","thank"
"peopl","think"
"peopl","tri"
"peopl","weight"
"peopl","work"
"practic","privat"
"practic","question"
"practic","realli"
"practic","recent"
"practic","seem"
"practic","sinc"
"practic","start"
"practic","thank"
"practic","think"
"practic","tri"
"practic","weight"
"practic","work"
"privat","question"
"privat","realli"
"privat","recent"
"privat","seem"
"privat","sinc"
"privat","start"
"privat","thank"
"privat","think"
"privat","tri"
"privat","weight"
"privat","work"
"question","realli"
"question","recent"
"question","seem"
"question","sinc"
"question","start"
"question","thank"
"question","think"
"question","tri"
"question","weight"
"question","work"
"realli","recent"
"realli","seem"
"realli","sinc"
"realli","start"
"realli","thank"
"realli","think"
"realli","tri"
"realli","weight"
"realli","work"
"recent","seem"
"recent","sinc"
"recent","start"
"recent","thank"
"recent","think"
"recent","tri"
"recent","weight"
"recent","work"
"seem","sinc"
"seem","start"
"seem","thank"
"seem","think"
"seem","tri"
"seem","weight"
"seem","work"
"sinc","start"
"sinc","thank"
"sinc","think"
"sinc","tri"
"sinc","weight"
"sinc","work"
"start","thank"
"start","think"
"start","tri"
"start","weight"
"start","work"
"thank","think"
"thank","tri"
"thank","weight"
"thank","work"
"think","tri"
"think","weight"
"think","work"
"tri","weight"
"tri","work"
"weight","work"
"anyon","ask"
"anyon","one"
"anyon","question"
"anyon","see"
"anyon","thought"
"ask","one"
"ask","question"
"ask","see"
"ask","thought"
"one","see"
"one","thought"
"question","see"
"question","thought"
"see","thought"
"ask","eat"
"ask","like"
"ask","much"
"ask","patient"
"eat","like"
"eat","much"
"eat","patient"
"eat","thought"
"like","much"
"like","patient"
"like","thought"
"much","patient"
"much","thought"
"patient","thought"
"back","clinic"
"back","day"
"back","month"
"back","need"
"back","want"
"clinic","day"
"clinic","get"
"clinic","look"
"clinic","month"
"clinic","need"
"clinic","want"
"clinic","work"
"day","get"
"day","look"
"day","month"
"day","need"
"day","want"
"day","work"
"get","month"
"get","need"
"get","want"
"look","month"
"look","need"
"look","want"
"month","need"
"month","want"
"month","work"
"need","want"
"need","work"
"want","work"
"just","know"
"just","month"
"just","seem"
"just","take"
"just","thank"
"just","time"
"just","year"
"know","month"
"know","seem"
"know","take"
"know","thank"
"know","time"
"know","year"
"month","seem"
"month","take"
"month","thank"
"month","time"
"month","year"
"seem","take"
"seem","time"
"seem","year"
"take","thank"
"take","time"
"take","year"
"thank","time"
"thank","year"
"time","year"
"client","food"
"client","need"
"client","want"
"food","need"
"food","want"
"advic","also"
"advic","appreci"
"advic","consid"
"advic","day"
"advic","dietitian"
"advic","differ"
"advic","even"
"advic","experi"
"advic","get"
"advic","health"
"advic","like"
"advic","look"
"advic","make"
"advic","much"
"advic","nutrit"
"advic","one"
"advic","patient"
"advic","rds"
"advic","share"
"advic","time"
"advic","way"
"advic","will"
"also","appreci"
"also","consid"
"also","day"
"also","dietitian"
"also","differ"
"also","even"
"also","experi"
"also","get"
"also","health"
"also","like"
"also","look"
"also","make"
"also","much"
"also","nutrit"
"also","one"
"also","patient"
"also","rds"
"also","share"
"also","time"
"also","way"
"also","will"
"appreci","consid"
"appreci","day"
"appreci","dietitian"
"appreci","differ"
"appreci","even"
"appreci","experi"
"appreci","get"
"appreci","health"
"appreci","like"
"appreci","look"
"appreci","make"
"appreci","much"
"appreci","nutrit"
"appreci","one"
"appreci","patient"
"appreci","rds"
"appreci","share"
"appreci","time"
"appreci","way"
"appreci","will"
"consid","day"
"consid","dietitian"
"consid","differ"
"consid","even"
"consid","experi"
"consid","get"
"consid","health"
"consid","like"
"consid","look"
"consid","make"
"consid","much"
"consid","nutrit"
"consid","one"
"consid","patient"
"consid","rds"
"consid","share"
"consid","time"
"consid","way"
"consid","will"
"day","dietitian"
"day","differ"
"day","even"
"day","experi"
"day","health"
"day","like"
"day","make"
"day","much"
"day","nutrit"
"day","one"
"day","patient"
"day","rds"
"day","share"
"day","time"
"day","way"
"day","will"
"dietitian","differ"
"dietitian","even"
"dietitian","like"
"dietitian","make"
"dietitian","much"
"dietitian","nutrit"
"dietitian","patient"
"dietitian","rds"
"dietitian","share"
"dietitian","time"
"dietitian","way"
"dietitian","will"
"differ","even"
"differ","experi"
"differ","get"
"differ","health"
"differ","like"
"differ","look"
"differ","make"
"differ","much"
"differ","nutrit"
"differ","one"
"differ","patient"
"differ","rds"
"differ","share"
"differ","time"
"differ","way"
"differ","will"
"even","experi"
"even","get"
"even","health"
"even","like"
"even","look"
"even","make"
"even","much"
"even","nutrit"
"even","one"
"even","patient"
"even","rds"
"even","share"
"even","time"
"even","way"
"even","will"
"experi","like"
"experi","make"
"experi","much"
"experi","nutrit"
"experi","patient"
"experi","rds"
"experi","share"
"experi","time"
"experi","way"
"experi","will"
"get","like"
"get","make"
"get","much"
"get","nutrit"
"get","patient"
"get","rds"
"get","share"
"get","time"
"get","way"
"get","will"
"health","like"
"health","make"
"health","much"
"health","nutrit"
"health","patient"
"health","rds"
"health","share"
"health","time"
"health","way"
"health","will"
"like","look"
"like","make"
"like","nutrit"
"like","one"
"like","rds"
"like","share"
"like","time"
"like","way"
"like","will"
"look","make"
"look","much"
"look","nutrit"
"look","patient"
"look","rds"
"look","share"
"look","time"
"look","way"
"look","will"
"make","much"
"make","nutrit"
"make","one"
"make","patient"
"make","rds"
"make","share"
"make","time"
"make","way"
"make","will"
"much","nutrit"
"much","one"
"much","rds"
"much","share"
"much","time"
"much","way"
"much","will"
"nutrit","one"
"nutrit","patient"
"nutrit","rds"
"nutrit","share"
"nutrit","time"
"nutrit","way"
"nutrit","will"
"one","patient"
"one","rds"
"one","share"
"one","time"
"one","way"
"one","will"
"patient","rds"
"patient","share"
"patient","time"
"patient","way"
"patient","will"
"rds","share"
"rds","time"
"rds","way"
"rds","will"
"share","time"
"share","way"
"share","will"
"time","way"
"time","will"
"way","will"
"becom","clinic"
"becom","degre"
"becom","differ"
"becom","even"
"becom","feel"
"becom","food"
"becom","hour"
"becom","just"
"becom","know"
"becom","make"
"becom","manag"
"becom","master"
"becom","pay"
"becom","take"
"becom","thing"
"becom","tri"
"becom","week"
"becom","will"
"clinic","degre"
"clinic","differ"
"clinic","even"
"clinic","feel"
"clinic","food"
"clinic","hour"
"clinic","just"
"clinic","know"
"clinic","make"
"clinic","manag"
"clinic","master"
"clinic","pay"
"clinic","take"
"clinic","thing"
"clinic","tri"
"clinic","week"
"clinic","will"
"degre","differ"
"degre","even"
"degre","feel"
"degre","food"
"degre","hour"
"degre","just"
"degre","know"
"degre","make"
"degre","manag"
"degre","master"
"degre","pay"
"degre","take"
"degre","thing"
"degre","tri"
"degre","week"
"degre","will"
"differ","feel"
"differ","food"
"differ","hour"
"differ","just"
"differ","know"
"differ","manag"
"differ","master"
"differ","pay"
"differ","take"
"differ","thing"
"differ","tri"
"differ","week"
"even","feel"
"even","food"
"even","hour"
"even","just"
"even","know"
"even","manag"
"even","master"
"even","pay"
"even","take"
"even","thing"
"even","tri"
"even","week"
"feel","food"
"feel","hour"
"feel","just"
"feel","know"
"feel","make"
"feel","manag"
"feel","master"
"feel","pay"
"feel","take"
"feel","thing"
"feel","tri"
"feel","week"
"feel","will"
"food","hour"
"food","just"
"food","know"
"food","make"
"food","manag"
"food","master"
"food","pay"
"food","take"
"food","thing"
"food","tri"
"food","week"
"food","will"
"hour","just"
"hour","know"
"hour","make"
"hour","manag"
"hour","master"
"hour","pay"
"hour","take"
"hour","thing"
"hour","tri"
"hour","week"
"hour","will"
"just","make"
"just","manag"
"just","master"
"just","pay"
"just","thing"
"just","tri"
"just","week"
"just","will"
"know","make"
"know","manag"
"know","master"
"know","pay"
"know","thing"
"know","tri"
"know","week"
"know","will"
"make","manag"
"make","master"
"make","pay"
"make","take"
"make","thing"
"make","tri"
"make","week"
"manag","master"
"manag","pay"
"manag","take"
"manag","thing"
"manag","week"
"manag","will"
"master","pay"
"master","take"
"master","thing"
"master","tri"
"master","week"
"master","will"
"pay","take"
"pay","thing"
"pay","tri"
"pay","week"
"pay","will"
"take","thing"
"take","tri"
"take","week"
"take","will"
"thing","tri"
"thing","week"
"thing","will"
"tri","week"
"tri","will"
"week","will"
"need","posit"
"anyon","consid"
"anyon","everyon"
"anyon","experi"
"anyon","good"
"anyon","learn"
"anyon","master"
"anyon","recent"
"anyon","seem"
"anyon","thank"
"anyon","time"
"consid","everyon"
"consid","good"
"consid","learn"
"consid","master"
"consid","recent"
"consid","see"
"consid","seem"
"consid","thank"
"everyon","experi"
"everyon","good"
"everyon","learn"
"everyon","master"
"everyon","recent"
"everyon","see"
"everyon","seem"
"everyon","thank"
"everyon","time"
"experi","good"
"experi","master"
"experi","see"
"good","learn"
"good","master"
"good","recent"
"good","see"
"good","seem"
"good","thank"
"good","time"
"learn","master"
"learn","see"
"learn","time"
"master","recent"
"master","see"
"master","seem"
"master","thank"
"master","time"
"recent","see"
"recent","time"
"see","seem"
"see","thank"
"see","time"
"care","experi"
"care","food"
"care","hospit"
"care","much"
"care","nutrit"
"care","time"
"care","year"
"experi","food"
"experi","hospit"
"experi","year"
"food","hospit"
"food","much"
"food","nutrit"
"food","time"
"food","year"
"hospit","much"
"hospit","nutrit"
"hospit","time"
"hospit","year"
"much","year"
"nutrit","year"
"care","career"
"care","degre"
"care","exam"
"care","feel"
"care","make"
"care","master"
"care","need"
"care","patient"
"care","pay"
"care","practic"
"care","privat"
"care","program"
"care","rds"
"care","requir"
"care","start"
"care","thank"
"career","degre"
"career","exam"
"career","experi"
"career","feel"
"career","make"
"career","master"
"career","need"
"career","nutrit"
"career","patient"
"career","pay"
"career","practic"
"career","privat"
"career","program"
"career","rds"
"career","requir"
"career","start"
"career","thank"
"career","time"
"degre","exam"
"degre","experi"
"degre","need"
"degre","nutrit"
"degre","patient"
"degre","practic"
"degre","privat"
"degre","program"
"degre","rds"
"degre","requir"
"degre","start"
"degre","thank"
"degre","time"
"exam","experi"
"exam","feel"
"exam","make"
"exam","master"
"exam","need"
"exam","nutrit"
"exam","patient"
"exam","pay"
"exam","practic"
"exam","privat"
"exam","program"
"exam","rds"
"exam","requir"
"exam","start"
"exam","thank"
"exam","time"
"experi","feel"
"experi","need"
"experi","pay"
"experi","program"
"experi","requir"
"feel","need"
"feel","nutrit"
"feel","patient"
"feel","practic"
"feel","privat"
"feel","program"
"feel","rds"
"feel","requir"
"feel","start"
"feel","thank"
"feel","time"
"make","need"
"make","practic"
"make","privat"
"make","program"
"make","requir"
"make","start"
"make","thank"
"master","need"
"master","nutrit"
"master","patient"
"master","practic"
"master","privat"
"master","program"
"master","rds"
"master","requir"
"master","start"
"need","nutrit"
"need","patient"
"need","pay"
"need","practic"
"need","privat"
"need","program"
"need","rds"
"need","requir"
"need","start"
"need","thank"
"need","time"
"nutrit","pay"
"nutrit","practic"
"nutrit","privat"
"nutrit","program"
"nutrit","requir"
"nutrit","start"
"nutrit","thank"
"patient","pay"
"patient","practic"
"patient","privat"
"patient","program"
"patient","requir"
"patient","start"
"patient","thank"
"pay","practic"
"pay","privat"
"pay","program"
"pay","rds"
"pay","requir"
"pay","start"
"pay","thank"
"pay","time"
"practic","program"
"practic","rds"
"practic","requir"
"practic","time"
"privat","program"
"privat","rds"
"privat","requir"
"privat","time"
"program","rds"
"program","requir"
"program","start"
"program","thank"
"program","time"
"rds","requir"
"rds","start"
"rds","thank"
"requir","start"
"requir","thank"
"requir","time"
"start","time"
"career","get"
"career","help"
"career","look"
"career","school"
"career","thing"
"career","tri"
"career","year"
"degre","get"
"degre","help"
"degre","look"
"degre","school"
"degre","year"
"feel","get"
"feel","help"
"feel","look"
"feel","school"
"feel","year"
"get","master"
"get","program"
"get","school"
"get","thing"
"get","year"
"help","master"
"help","need"
"help","nutrit"
"help","program"
"help","school"
"help","thing"
"help","year"
"look","master"
"look","program"
"look","school"
"look","thing"
"look","year"
"master","school"
"master","year"
"need","school"
"need","thing"
"need","tri"
"need","year"
"nutrit","school"
"nutrit","thing"
"nutrit","tri"
"program","school"
"program","thing"
"program","tri"
"program","year"
"school","thing"
"school","tri"
"school","year"
"thing","year"
"tri","year"
"anyon","degre"
"anyon","know"
"anyon","like"
"anyon","nutrit"
"anyon","pay"
"anyon","posit"
"degre","like"
"degre","posit"
"know","like"
"know","nutrit"
"know","posit"
"like","pay"
"like","posit"
"nutrit","posit"
"pay","posit"
"advic","anyon"
"advic","career"
"advic","client"
"advic","clinic"
"advic","current"
"advic","educ"
"advic","everyon"
"advic","feel"
"advic","hospit"
"advic","interest"
"advic","know"
"advic","love"
"advic","mani"
"advic","need"
"advic","peopl"
"advic","plan"
"advic","practic"
"advic","sinc"
"advic","start"
"advic","think"
"advic","thought"
"advic","want"
"also","anyon"
"also","career"
"also","client"
"also","clinic"
"also","current"
"also","educ"
"also","everyon"
"also","feel"
"also","hospit"
"also","interest"
"also","know"
"also","love"
"also","mani"
"also","need"
"also","peopl"
"also","plan"
"also","practic"
"also","sinc"
"also","start"
"also","think"
"also","thought"
"also","want"
"anyon","career"
"anyon","client"
"anyon","clinic"
"anyon","current"
"anyon","dietitian"
"anyon","differ"
"anyon","educ"
"anyon","feel"
"anyon","hospit"
"anyon","interest"
"anyon","love"
"anyon","mani"
"anyon","need"
"anyon","peopl"
"anyon","plan"
"anyon","practic"
"anyon","sinc"
"anyon","start"
"anyon","think"
"anyon","want"
"anyon","way"
"anyon","will"
"career","client"
"career","clinic"
"career","current"
"career","dietitian"
"career","differ"
"career","educ"
"career","everyon"
"career","hospit"
"career","interest"
"career","know"
"career","like"
"career","love"
"career","mani"
"career","peopl"
"career","plan"
"career","sinc"
"career","think"
"career","thought"
"career","want"
"career","way"
"career","will"
"client","clinic"
"client","current"
"client","dietitian"
"client","differ"
"client","educ"
"client","everyon"
"client","experi"
"client","feel"
"client","hospit"
"client","interest"
"client","know"
"client","like"
"client","love"
"client","mani"
"client","nutrit"
"client","peopl"
"client","plan"
"client","practic"
"client","sinc"
"client","start"
"client","think"
"client","thought"
"client","way"
"client","will"
"clinic","current"
"clinic","dietitian"
"clinic","educ"
"clinic","everyon"
"clinic","experi"
"clinic","hospit"
"clinic","interest"
"clinic","like"
"clinic","love"
"clinic","mani"
"clinic","nutrit"
"clinic","peopl"
"clinic","plan"
"clinic","practic"
"clinic","sinc"
"clinic","start"
"clinic","think"
"clinic","thought"
"clinic","way"
"current","dietitian"
"current","differ"
"current","educ"
"current","everyon"
"current","experi"
"current","feel"
"current","hospit"
"current","interest"
"current","know"
"current","like"
"current","love"
"current","mani"
"current","need"
"current","nutrit"
"current","peopl"
"current","plan"
"current","practic"
"current","sinc"
"current","start"
"current","think"
"current","thought"
"current","want"
"current","way"
"current","will"
"dietitian","educ"
"dietitian","everyon"
"dietitian","feel"
"dietitian","hospit"
"dietitian","interest"
"dietitian","know"
"dietitian","love"
"dietitian","mani"
"dietitian","need"
"dietitian","plan"
"dietitian","thought"
"dietitian","want"
"differ","educ"
"differ","everyon"
"differ","hospit"
"differ","interest"
"differ","love"
"differ","mani"
"differ","need"
"differ","peopl"
"differ","plan"
"differ","practic"
"differ","sinc"
"differ","start"
"differ","think"
"differ","thought"
"differ","want"
"educ","everyon"
"educ","experi"
"educ","feel"
"educ","hospit"
"educ","interest"
"educ","know"
"educ","like"
"educ","love"
"educ","mani"
"educ","need"
"educ","nutrit"
"educ","peopl"
"educ","plan"
"educ","practic"
"educ","sinc"
"educ","start"
"educ","think"
"educ","thought"
"educ","want"
"educ","way"
"educ","will"
"everyon","feel"
"everyon","hospit"
"everyon","interest"
"everyon","know"
"everyon","like"
"everyon","love"
"everyon","mani"
"everyon","need"
"everyon","nutrit"
"everyon","peopl"
"everyon","plan"
"everyon","practic"
"everyon","sinc"
"everyon","start"
"everyon","think"
"everyon","thought"
"everyon","want"
"everyon","way"
"everyon","will"
"experi","interest"
"experi","know"
"experi","love"
"experi","mani"
"experi","plan"
"experi","thought"
"experi","want"
"feel","hospit"
"feel","interest"
"feel","like"
"feel","love"
"feel","mani"
"feel","peopl"
"feel","plan"
"feel","sinc"
"feel","think"
"feel","thought"
"feel","want"
"feel","way"
"hospit","interest"
"hospit","know"
"hospit","like"
"hospit","love"
"hospit","mani"
"hospit","need"
"hospit","peopl"
"hospit","plan"
"hospit","practic"
"hospit","sinc"
"hospit","start"
"hospit","think"
"hospit","thought"
"hospit","want"
"hospit","way"
"hospit","will"
"interest","know"
"interest","like"
"interest","love"
"interest","mani"
"interest","need"
"interest","nutrit"
"interest","peopl"
"interest","plan"
"interest","practic"
"interest","sinc"
"interest","start"
"interest","think"
"interest","thought"
"interest","want"
"interest","way"
"interest","will"
"know","love"
"know","mani"
"know","need"
"know","peopl"
"know","plan"
"know","practic"
"know","sinc"
"know","start"
"know","think"
"know","thought"
"know","want"
"know","way"
"like","love"
"like","mani"
"like","need"
"like","peopl"
"like","plan"
"like","practic"
"like","sinc"
"like","start"
"like","think"
"like","want"
"love","mani"
"love","need"
"love","nutrit"
"love","peopl"
"love","plan"
"love","practic"
"love","sinc"
"love","start"
"love","think"
"love","thought"
"love","want"
"love","way"
"love","will"
"mani","need"
"mani","nutrit"
"mani","peopl"
"mani","plan"
"mani","practic"
"mani","sinc"
"mani","start"
"mani","think"
"mani","thought"
"mani","want"
"mani","way"
"mani","will"
"need","peopl"
"need","plan"
"need","sinc"
"need","think"
"need","thought"
"need","way"
"need","will"
"nutrit","peopl"
"nutrit","plan"
"nutrit","sinc"
"nutrit","think"
"nutrit","thought"
"nutrit","want"
"peopl","plan"
"peopl","thought"
"peopl","want"
"peopl","way"
"peopl","will"
"plan","practic"
"plan","sinc"
"plan","start"
"plan","think"
"plan","thought"
"plan","want"
"plan","way"
"plan","will"
"practic","thought"
"practic","want"
"practic","way"
"practic","will"
"sinc","thought"
"sinc","want"
"sinc","way"
"sinc","will"
"start","thought"
"start","want"
"start","way"
"start","will"
"think","thought"
"think","want"
"think","way"
"think","will"
"thought","want"
"thought","way"
"thought","will"
"want","way"
"want","will"
"becom","day"
"becom","everyon"
"becom","like"
"becom","love"
"becom","much"
"becom","plan"
"becom","share"
"clinic","much"
"clinic","share"
"day","everyon"
"day","food"
"day","just"
"day","love"
"day","plan"
"everyon","food"
"everyon","just"
"everyon","make"
"everyon","much"
"everyon","share"
"food","like"
"food","love"
"food","plan"
"food","share"
"just","like"
"just","love"
"just","much"
"just","plan"
"just","share"
"love","make"
"love","much"
"love","share"
"make","plan"
"much","plan"
"plan","share"
"advic","recommend"
"advic","take"
"advic","use"
"advic","year"
"also","recommend"
"also","take"
"also","use"
"also","year"
"dietitian","recommend"
"dietitian","take"
"dietitian","use"
"dietitian","year"
"get","know"
"get","recommend"
"get","take"
"get","use"
"know","recommend"
"know","use"
"like","recommend"
"like","take"
"like","use"
"like","year"
"peopl","recommend"
"peopl","take"
"peopl","use"
"peopl","year"
"recommend","take"
"recommend","use"
"recommend","year"
"take","use"
"use","year"
"anyon","health"
"anyon","job"
"anyon","new"
"anyon","weight"
"anyon","work"
"advic","ask"
"advic","help"
"advic","thank"
"advic","weight"
"ask","everyon"
"ask","help"
"ask","look"
"ask","recommend"
"ask","thank"
"ask","weight"
"everyon","help"
"everyon","look"
"everyon","recommend"
"everyon","weight"
"help","like"
"help","much"
"help","recommend"
"like","thank"
"like","weight"
"look","recommend"
"much","recommend"
"much","thank"
"much","weight"
"recommend","thank"
"recommend","weight"
"advic","chang"
"advic","eat"
"advic","food"
"advic","question"
"advic","recent"
"advic","seem"
"anyon","chang"
"anyon","day"
"anyon","eat"
"anyon","food"
"anyon","make"
"anyon","patient"
"ask","chang"
"ask","clinic"
"ask","day"
"ask","food"
"ask","know"
"ask","make"
"ask","recent"
"ask","seem"
"ask","start"
"chang","clinic"
"chang","day"
"chang","eat"
"chang","food"
"chang","know"
"chang","like"
"chang","make"
"chang","patient"
"chang","question"
"chang","recent"
"chang","seem"
"chang","start"
"chang","thank"
"chang","thought"
"clinic","eat"
"clinic","patient"
"clinic","question"
"clinic","recent"
"clinic","seem"
"clinic","thank"
"day","eat"
"day","know"
"day","question"
"day","recent"
"day","seem"
"day","start"
"day","thank"
"day","thought"
"eat","food"
"eat","know"
"eat","make"
"eat","question"
"eat","recent"
"eat","seem"
"eat","start"
"eat","thank"
"food","patient"
"food","question"
"food","recent"
"food","seem"
"food","start"
"food","thank"
"food","thought"
"know","patient"
"know","question"
"know","recent"
"like","question"
"like","recent"
"like","seem"
"make","question"
"make","recent"
"make","seem"
"make","thought"
"patient","question"
"patient","recent"
"patient","seem"
"recent","thought"
"seem","thought"
"thank","thought"
"dietet","good"
"dietet","provid"
"dietet","realli"
"dietet","recent"
"dietet","think"
"good","provid"
"good","realli"
"good","think"
"provid","realli"
"provid","recent"
"provid","think"
"eat","everyon"
"eat","one"
"eat","want"
"eat","work"
"everyon","one"
"everyon","work"
"one","want"
"seem","want"
"appreci","chang"
"appreci","clinic"
"appreci","feel"
"appreci","find"
"appreci","food"
"appreci","love"
"appreci","mani"
"appreci","new"
"appreci","realli"
"appreci","recommend"
"appreci","see"
"appreci","thing"
"appreci","think"
"appreci","tri"
"chang","feel"
"chang","find"
"chang","love"
"chang","mani"
"chang","new"
"chang","nutrit"
"chang","realli"
"chang","recommend"
"chang","see"
"chang","thing"
"chang","think"
"chang","tri"
"clinic","find"
"clinic","new"
"clinic","realli"
"clinic","recommend"
"clinic","see"
"feel","find"
"feel","new"
"feel","realli"
"feel","recommend"
"feel","see"
"find","food"
"find","love"
"find","mani"
"find","new"
"find","nutrit"
"find","realli"
"find","recommend"
"find","see"
"find","thing"
"find","think"
"find","tri"
"food","mani"
"food","new"
"food","realli"
"food","recommend"
"food","see"
"food","think"
"love","new"
"love","realli"
"love","recommend"
"love","see"
"love","thing"
"love","tri"
"mani","new"
"mani","realli"
"mani","recommend"
"mani","see"
"mani","thing"
"mani","tri"
"new","nutrit"
"new","recommend"
"new","see"
"new","thing"
"nutrit","realli"
"nutrit","recommend"
"nutrit","see"
"realli","recommend"
"realli","see"
"realli","thing"
"recommend","see"
"recommend","thing"
"recommend","think"
"recommend","tri"
"see","thing"
"see","think"
"see","tri"
"thing","think"
"care","health"
"care","love"
"care","recent"
"care","recommend"
"care","seem"
"care","thought"
"care","work"
"health","love"
"health","recommend"
"health","thought"
"love","patient"
"love","recent"
"love","seem"
"love","work"
"patient","recommend"
"patient","work"
"recent","recommend"
"recommend","seem"
"recommend","start"
"recommend","thought"
"recommend","work"
"thought","work"
"appreci","dietet"
"appreci","everyon"
"appreci","recent"
"appreci","thank"
"dietet","everyon"
"dietet","love"
"dietet","thank"
"love","thank"
"anyon","care"
"anyon","even"
"anyon","take"
"care","chang"
"care","consid"
"care","current"
"care","even"
"care","job"
"care","mani"
"care","peopl"
"care","take"
"care","way"
"career","chang"
"career","consid"
"career","even"
"career","job"
"career","take"
"chang","consid"
"chang","current"
"chang","even"
"chang","job"
"chang","peopl"
"chang","take"
"chang","time"
"chang","way"
"consid","current"
"consid","feel"
"consid","job"
"consid","mani"
"consid","peopl"
"consid","take"
"current","even"
"current","job"
"current","take"
"current","time"
"even","job"
"even","mani"
"even","peopl"
"feel","job"
"job","mani"
"job","take"
"job","time"
"job","way"
"mani","take"
"mani","time"
"peopl","time"
"take","way"
"even","hospit"
"even","posit"
"even","question"
"food","posit"
"food","rds"
"hospit","pay"
"hospit","posit"
"hospit","question"
"hospit","rds"
"pay","question"
"posit","question"
"posit","rds"
"question","rds"
"chang","dietitian"
"chang","share"
"know","share"
"current","dietet"
"current","find"
"current","health"
"current","help"
"current","thank"
"dietet","find"
"dietet","health"
"dietet","help"
"dietet","mani"
"find","health"
"find","help"
"find","thank"
"health","mani"
"help","mani"
"mani","thank"
"advic","lot"
"advic","work"
"appreci","career"
"appreci","lot"
"appreci","plan"
"appreci","work"
"career","lot"
"career","much"
"career","recent"
"career","share"
"career","work"
"consid","lot"
"consid","love"
"consid","plan"
"consid","work"
"dietitian","lot"
"like","lot"
"like","work"
"lot","love"
"lot","much"
"lot","plan"
"lot","recent"
"lot","share"
"lot","thank"
"lot","time"
"lot","work"
"love","time"
"much","recent"
"much","work"
"plan","recent"
"plan","thank"
"plan","time"
"plan","work"
"recent","share"
"share","thank"
"share","work"
"time","work"
"appreci","care"
"appreci","current"
"appreci","know"
"appreci","month"
"appreci","start"
"appreci","week"
"care","know"
"care","look"
"care","month"
"care","week"
"career","health"
"career","month"
"career","week"
"current","look"
"current","month"
"current","much"
"current","week"
"current","work"
"experi","month"
"experi","week"
"health","know"
"health","month"
"health","week"
"know","look"
"know","much"
"know","work"
"look","week"
"month","much"
"month","start"
"month","week"
"much","start"
"much","week"
"start","week"
"thank","week"
"week","work"
"exam","interest"
"exam","question"
"exam","want"
"interest","question"
"question","want"
"day","hospit"
"day","learn"
"day","lot"
"day","mani"
"day","new"
"day","see"
"food","learn"
"food","lot"
"food","month"
"food","work"
"hospit","learn"
"hospit","lot"
"hospit","month"
"hospit","new"
"hospit","recent"
"hospit","see"
"hospit","seem"
"hospit","work"
"learn","lot"
"learn","mani"
"learn","month"
"lot","mani"
"lot","month"
"lot","new"
"lot","see"
"lot","seem"
"mani","month"
"mani","recent"
"mani","seem"
"mani","work"
"month","new"
"month","recent"
"month","see"
"see","work"
"care","everyon"
"care","find"
"care","help"
"care","plan"
"care","question"
"care","see"
"care","will"
"everyon","find"
"everyon","month"
"everyon","patient"
"everyon","privat"
"everyon","question"
"find","make"
"find","master"
"find","month"
"find","much"
"find","patient"
"find","peopl"
"find","plan"
"find","practic"
"find","privat"
"find","question"
"find","recent"
"find","seem"
"find","will"
"find","work"
"help","make"
"help","month"
"help","patient"
"help","plan"
"help","see"
"help","will"
"make","month"
"make","peopl"
"make","see"
"make","work"
"master","month"
"master","much"
"master","peopl"
"master","plan"
"master","question"
"master","work"
"month","nutrit"
"month","patient"
"month","peopl"
"month","plan"
"month","practic"
"month","privat"
"month","question"
"month","will"
"much","peopl"
"much","practic"
"much","privat"
"much","question"
"much","see"
"much","seem"
"nutrit","question"
"nutrit","recent"
"nutrit","seem"
"nutrit","work"
"patient","peopl"
"patient","plan"
"patient","see"
"peopl","see"
"plan","privat"
"plan","question"
"plan","see"
"plan","seem"
"practic","see"
"privat","see"
"privat","will"
"question","will"
"recent","will"
"see","will"
"seem","will"
"will","work"
"client","dietet"
"client","good"
"client","help"
"client","thank"
"dietet","educ"
"dietet","experi"
"dietet","feel"
"dietet","interest"
"educ","good"
"educ","help"
"educ","thank"
"feel","good"
"good","help"
"good","interest"
"help","interest"
"interest","thank"
"also","new"
"also","provid"
"also","thank"
"client","new"
"client","provid"
"client","use"
"new","provid"
"new","use"
"new","want"
"new","will"
"provid","thank"
"provid","use"
"provid","want"
"provid","will"
"thank","use"
"thank","want"
"thank","will"
"use","want"
"use","will"
"anyon","back"
"advic","dietet"
"anyon","appreci"
"anyon","dietet"
"anyon","share"
"appreci","practic"
"consid","dietet"
"consid","practic"
"dietet","nutrit"
"dietet","practic"
"dietet","share"
"practic","share"
"advic","just"
"advic","requir"
"advic","state"
"even","everyon"
"even","plan"
"even","requir"
"even","state"
"even","thought"
"even","use"
"everyon","requir"
"everyon","state"
"everyon","take"
"everyon","use"
"just","look"
"just","requir"
"just","state"
"just","thought"
"just","use"
"like","requir"
"like","state"
"look","plan"
"look","requir"
"look","state"
"look","take"
"look","thought"
"look","use"
"plan","requir"
"plan","state"
"plan","take"
"plan","use"
"requir","state"
"requir","take"
"requir","thought"
"requir","use"
"requir","will"
"state","take"
"state","thought"
"state","use"
"state","will"
"take","thought"
"thought","use"
"anyon","look"
"anyon","state"
"back","consid"
"back","current"
"back","know"
"back","like"
"back","plan"
"back","state"
"back","way"
"consid","know"
"consid","state"
"current","state"
"know","state"
"state","way"
"advic","becom"
"advic","job"
"advic","learn"
"advic","post"
"anyon","becom"
"anyon","post"
"anyon","requir"
"appreci","becom"
"appreci","interest"
"appreci","job"
"appreci","learn"
"appreci","post"
"appreci","requir"
"appreci","take"
"becom","consid"
"becom","experi"
"becom","interest"
"becom","job"
"becom","learn"
"becom","nutrit"
"becom","post"
"becom","recent"
"becom","requir"
"becom","thank"
"becom","time"
"becom","work"
"clinic","consid"
"clinic","job"
"clinic","learn"
"clinic","post"
"clinic","requir"
"clinic","time"
"consid","interest"
"consid","post"
"consid","requir"
"everyon","job"
"everyon","post"
"experi","post"
"experi","take"
"interest","job"
"interest","learn"
"interest","post"
"interest","recent"
"interest","requir"
"interest","share"
"interest","take"
"interest","time"
"interest","work"
"job","nutrit"
"job","plan"
"job","post"
"job","requir"
"job","share"
"job","will"
"learn","nutrit"
"learn","plan"
"learn","post"
"learn","requir"
"learn","share"
"learn","take"
"learn","will"
"nutrit","post"
"nutrit","take"
"plan","post"
"post","recent"
"post","requir"
"post","share"
"post","take"
"post","thank"
"post","time"
"post","will"
"post","work"
"recent","requir"
"recent","take"
"requir","share"
"requir","work"
"share","take"
"take","work"
"advic","good"
"advic","new"
"advic","realli"
"advic","week"
"also","eat"
"also","good"
"also","just"
"also","lot"
"also","realli"
"also","week"
"also","work"
"current","eat"
"current","good"
"current","just"
"current","lot"
"current","new"
"current","realli"
"current","year"
"eat","feel"
"eat","good"
"eat","just"
"eat","lot"
"eat","new"
"eat","practic"
"eat","realli"
"eat","time"
"eat","week"
"eat","year"
"feel","lot"
"feel","much"
"feel","work"
"good","just"
"good","like"
"good","lot"
"good","much"
"good","new"
"good","practic"
"good","week"
"good","work"
"good","year"
"just","lot"
"just","new"
"just","practic"
"just","realli"
"just","work"
"like","new"
"like","realli"
"like","week"
"lot","practic"
"lot","realli"
"lot","week"
"lot","year"
"much","new"
"much","realli"
"new","time"
"new","week"
"new","year"
"practic","week"
"practic","year"
"realli","time"
"realli","week"
"realli","year"
"time","week"
"week","year"
"work","year"
"anyon","provid"
"anyon","tri"
"anyon","week"
"back","provid"
"back","week"
"provid","state"
"provid","tri"
"provid","week"
"state","think"
"state","tri"
"state","week"
"think","week"
"know","provid"
"like","provid"
"look","provid"
"nutrit","provid"
"find","know"
"find","need"
"need","recent"
"anyon","just"
"anyon","much"
"experi","just"
"anyon","thing"
"everyon","thing"
"experi","thing"
"good","know"
"good","thing"
"thank","thing"
"care","realli"
"care","share"
"care","think"
"consid","help"
"consid","realli"
"consid","think"
"help","share"
"patient","realli"
"patient","think"
"peopl","share"
"realli","share"
"share","think"
"ask","job"
"ask","love"
"ask","need"
"ask","will"
"job","love"
"job","need"
"job","patient"
"love","question"
"need","question"
"current","exam"
"current","tri"
"exam","take"
"exam","tri"
"start","take"
"anyon","program"
"degre","everyon"
"degre","interest"
"degre","plan"
"degre","provid"
"degre","way"
"everyon","program"
"everyon","provid"
"interest","program"
"interest","provid"
"interest","thing"
"like","program"
"like","thing"
"plan","program"
"plan","provid"
"plan","thing"
"program","provid"
"program","way"
"provid","start"
"provid","thing"
"provid","way"
"start","thing"
"thing","way"
"advic","posit"
"new","posit"
"posit","practic"
"posit","year"
"back","client"
"back","everyon"
"back","feel"
"back","see"
"back","thing"
"back","thought"
"back","use"
"client","day"
"client","look"
"client","realli"
"client","recent"
"client","see"
"client","thing"
"client","work"
"day","feel"
"day","help"
"day","realli"
"day","sinc"
"day","thing"
"day","use"
"everyon","realli"
"feel","recent"
"feel","use"
"help","thought"
"help","use"
"help","way"
"look","see"
"realli","thought"
"realli","use"
"realli","way"
"recent","thing"
"recent","use"
"recent","way"
"see","sinc"
"see","use"
"see","way"
"sinc","thing"
"sinc","use"
"thing","thought"
"thing","use"
"thing","work"
"use","way"
"use","work"
"way","work"
"even","post"
"even","provid"
"even","thank"
"even","want"
"get","just"
"get","post"
"get","provid"
"just","post"
"just","provid"
"just","want"
"like","post"
"look","post"
"post","provid"
"post","want"
"provid","share"
"share","want"
"degre","educ"
"degre","health"
"degre","job"
"degre","new"
"educ","health"
"educ","job"
"educ","just"
"educ","new"
"educ","requir"
"educ","school"
"educ","take"
"health","just"
"health","requir"
"health","school"
"health","take"
"help","just"
"help","know"
"help","requir"
"help","take"
"job","just"
"job","know"
"job","school"
"just","nutrit"
"just","school"
"know","new"
"know","requir"
"know","school"
"new","requir"
"new","school"
"new","take"
"requir","school"
"school","take"
"school","thank"
"school","will"
"make","recommend"
"also","back"
"also","dietet"
"also","pay"
"also","requir"
"also","seem"
"back","dietet"
"back","just"
"back","pay"
"back","requir"
"back","year"
"dietet","just"
"dietet","like"
"dietet","need"
"dietet","pay"
"dietet","requir"
"dietet","seem"
"dietet","sinc"
"dietet","thought"
"dietet","use"
"dietet","year"
"experi","use"
"health","need"
"health","pay"
"health","use"
"health","year"
"just","need"
"just","sinc"
"need","seem"
"need","use"
"pay","seem"
"pay","sinc"
"pay","thought"
"pay","use"
"pay","year"
"requir","seem"
"requir","sinc"
"requir","year"
"seem","use"
"sinc","year"
"thought","year"
"ask","current"
"ask","dietet"
"ask","exam"
"ask","just"
"ask","mani"
"ask","requir"
"ask","school"
"current","day"
"current","question"
"current","requir"
"current","school"
"day","dietet"
"day","exam"
"day","requir"
"day","school"
"dietet","exam"
"dietet","question"
"dietet","school"
"exam","just"
"exam","like"
"exam","mani"
"exam","school"
"just","mani"
"just","question"
"like","school"
"mani","question"
"mani","requir"
"mani","school"
"question","requir"
"question","school"
"appreci","degre"
"appreci","just"
"appreci","manag"
"appreci","need"
"appreci","use"
"appreci","year"
"degre","dietitian"
"degre","realli"
"degre","see"
"degre","use"
"dietitian","just"
"dietitian","see"
"even","need"
"even","realli"
"even","see"
"even","start"
"even","year"
"just","patient"
"just","see"
"just","start"
"just","way"
"make","realli"
"make","use"
"make","year"
"manag","need"
"manag","patient"
"manag","see"
"manag","use"
"manag","way"
"manag","year"
"need","realli"
"need","see"
"need","take"
"patient","take"
"patient","use"
"patient","year"
"realli","take"
"see","start"
"see","take"
"see","year"
"start","use"
"start","year"
"way","year"
"anyon","realli"
"dietet","master"
"dietet","program"
"dietet","will"
"master","realli"
"program","realli"
"program","will"
"realli","will"
"also","recent"
"also","tri"
"even","lot"
"even","recent"
"get","lot"
"just","recent"
"know","lot"
"lot","patient"
"lot","tri"
"lot","use"
"patient","tri"
"tri","use"
"becom","good"
"becom","need"
"becom","year"
"good","need"
"good","job"
"good","pay"
"good","way"
"job","pay"
"job","see"
"job","year"
"pay","realli"
"pay","see"
"pay","think"
"pay","way"
"think","year"
"also","privat"
"also","question"
"also","see"
"appreci","educ"
"appreci","privat"
"appreci","question"
"clinic","privat"
"clinic","year"
"educ","get"
"educ","privat"
"educ","question"
"educ","see"
"educ","year"
"feel","question"
"get","see"
"like","privat"
"like","see"
"privat","year"
"question","year"
"advic","month"
"advic","privat"
"becom","career"
"becom","chang"
"becom","current"
"becom","get"
"becom","month"
"becom","one"
"becom","privat"
"career","one"
"chang","get"
"chang","month"
"chang","need"
"chang","one"
"chang","plan"
"chang","privat"
"chang","will"
"chang","year"
"clinic","one"
"current","get"
"current","one"
"current","privat"
"get","love"
"get","plan"
"know","one"
"know","privat"
"like","month"
"love","month"
"love","one"
"love","privat"
"love","year"
"month","one"
"need","one"
"one","plan"
"one","year"
"plan","year"
"will","year"
"love","rds"
"love","use"
"new","rds"
"nutrit","use"
"rds","use"
"also","food"
"appreci","hospit"
"appreci","thought"
"appreci","want"
"current","food"
"current","share"
"dietitian","food"
"food","way"
"hospit","share"
"hospit","tri"
"like","tri"
"share","thought"
"share","tri"
"thought","tri"
"tri","want"
"tri","way"
"good","nutrit"
"good","recommend"
"like","master"
"master","provid"
"master","recommend"
"provid","recommend"
"appreci","provid"
"current","provid"
"dietitian","provid"
"dietitian","week"
"hospit","provid"
"hospit","week"
"hour","thank"
"find","job"
"anyon","manag"
"current","manag"
"current","program"
"everyon","manag"
"manag","program"
"program","think"
"consid","hour"
"consid","pay"
"consid","privat"
"hour","practic"
"hour","privat"
"differ","thank"
"differ","work"
"just","one"
"patient","want"
"time","want"
"ask","hour"
"ask","take"
"ask","use"
"ask","work"
"hour","much"
"hour","question"
"hour","use"
"hour","work"
"much","take"
"much","use"
"question","take"
"question","use"
"advic","find"
"advic","pay"
"client","eat"
"client","find"
"client","health"
"client","learn"
"client","lot"
"client","patient"
"client","pay"
"eat","experi"
"eat","find"
"eat","health"
"eat","interest"
"eat","learn"
"eat","mani"
"eat","need"
"eat","pay"
"eat","use"
"experi","find"
"experi","lot"
"find","good"
"find","interest"
"find","learn"
"find","lot"
"find","pay"
"find","thought"
"find","use"
"good","health"
"good","mani"
"good","patient"
"good","thought"
"good","use"
"health","interest"
"health","lot"
"interest","lot"
"interest","patient"
"interest","pay"
"interest","use"
"learn","need"
"learn","patient"
"learn","pay"
"learn","thought"
"learn","use"
"lot","need"
"lot","pay"
"lot","thought"
"mani","patient"
"mani","pay"
"mani","use"
"pay","recent"
"job","like"
"appreci","peopl"
"lot","one"
"lot","peopl"
"lot","take"
"lot","will"
"one","take"
"clinic","good"
"clinic","lot"
"consid","just"
"dietitian","good"
"differ","good"
"differ","lot"
"ask","health"
"ask","posit"
"ask","think"
"ask","want"
"health","posit"
"health","see"
"health","want"
"know","see"
"posit","see"
"posit","thank"
"posit","think"
"posit","want"
"posit","work"
"see","want"
"also","exam"
"also","month"
"anyon","exam"
"anyon","month"
"anyon","privat"
"consid","exam"
"consid","month"
"consid","start"
"even","exam"
"even","month"
"even","practic"
"even","privat"
"even","work"
"exam","know"
"exam","month"
"exam","work"
"eat","recommend"
"practic","take"
"care","get"
"care","just"
"consid","question"
"consid","year"
"exam","get"
"exam","plan"
"exam","recent"
"exam","year"
"recent","year"
"advic","program"
"career","just"
"career","realli"
"get","interest"
"interest","just"
"interest","realli"
"just","program"
"program","take"
"program","work"
"take","think"
"anyon","help"
"ask","client"
"ask","dietitian"
"ask","manag"
"ask","peopl"
"ask","practic"
"ask","privat"
"ask","time"
"client","manag"
"client","privat"
"client","question"
"client","time"
"food","help"
"food","peopl"
"food","practic"
"food","privat"
"help","love"
"help","time"
"love","manag"
"manag","mani"
"manag","thought"
"manag","time"
"mani","privat"
"privat","thought"
"question","time"
"thought","time"
"advic","master"
"advic","thing"
"becom","dietet"
"becom","mani"
"becom","peopl"
"becom","way"
"dietet","food"
"dietet","know"
"dietet","one"
"dietet","peopl"
"dietet","post"
"dietet","thing"
"dietet","way"
"food","good"
"food","one"
"food","post"
"good","one"
"good","peopl"
"good","post"
"just","peopl"
"know","post"
"mani","master"
"mani","one"
"mani","post"
"master","one"
"master","post"
"master","way"
"one","post"
"one","thing"
"peopl","post"
"peopl","thing"
"post","thing"
"post","way"
"thank","way"
"appreci","help"
"appreci","master"
"becom","help"
"current","master"
"interest","master"
"advic","exam"
"advic","tri"
"chang","everyon"
"chang","exam"
"chang","experi"
"everyon","exam"
"everyon","tri"
"clinic","rds"
"day","manag"
"day","year"
"hospit","manag"
"manag","rds"
"rds","year"
"dietitian","eat"
"dietitian","thing"
"eat","educ"
"eat","help"
"eat","nutrit"
"eat","thing"
"educ","thing"
"ask","provid"
"eat","provid"
"eat","weight"
"need","provid"
"need","weight"
"provid","weight"
"one","use"
"career","dietet"
"career","find"
"career","see"
"career","seem"
"consid","degre"
"consid","find"
"consid","program"
"degre","dietet"
"degre","find"
"degre","seem"
"dietet","job"
"dietet","look"
"dietet","see"
"dietet","time"
"find","just"
"find","look"
"find","program"
"find","time"
"job","program"
"look","pay"
"program","see"
"program","seem"
"differ","realli"
"educ","look"
"educ","one"
"educ","realli"
"feel","one"
"differ","job"
"job","much"
"just","think"
"much","think"
"anyon","school"
"anyon","use"
"school","use"
"advic","school"
"also","help"
"also","master"
"also","program"
"also","school"
"career","question"
"health","master"
"health","program"
"interest","school"
"program","question"
"school","time"
"even","program"
"even","recommend"
"need","recommend"
"peopl","program"
"peopl","rds"
"program","recommend"
"program","want"
"rds","recommend"
"rds","want"
"rds","work"
"recommend","want"
"dietitian","month"
"differ","month"
"differ","question"
"get","week"
"question","week"
"also","ask"
"also","learn"
"also","post"
"ask","feel"
"ask","learn"
"ask","post"
"ask","year"
"feel","learn"
"feel","post"
"just","learn"
"learn","much"
"learn","year"
"much","need"
"much","post"
"need","post"
"post","practic"
"post","thought"
"post","year"
"day","job"
"day","program"
"even","help"
"even","new"
"even","school"
"even","sinc"
"get","thought"
"help","rds"
"job","rds"
"job","thing"
"job","thought"
"new","program"
"new","thought"
"new","way"
"program","sinc"
"program","thought"
"rds","school"
"rds","sinc"
"rds","thing"
"rds","thought"
"school","sinc"
"school","thought"
"school","way"
"school","work"
"advic","care"
"advic","hour"
"also","becom"
"also","care"
"also","hour"
"also","job"
"also","posit"
"anyon","hour"
"anyon","lot"
"becom","care"
"becom","hospit"
"becom","lot"
"becom","posit"
"becom","practic"
"becom","think"
"care","clinic"
"care","hour"
"care","like"
"care","lot"
"care","posit"
"clinic","posit"
"feel","posit"
"hospit","hour"
"hospit","job"
"hospit","just"
"hospit","make"
"hospit","take"
"hour","job"
"hour","like"
"hour","lot"
"hour","love"
"hour","need"
"hour","peopl"
"hour","posit"
"hour","think"
"job","lot"
"job","make"
"job","posit"
"job","week"
"just","posit"
"lot","make"
"lot","posit"
"lot","think"
"love","posit"
"love","take"
"love","week"
"make","posit"
"make","think"
"much","posit"
"need","week"
"peopl","posit"
"peopl","week"
"posit","take"
"posit","week"
"current","recent"
"help","want"
"master","want"
"program","recent"
"recent","school"
"recent","want"
"school","want"
"dietitian","post"
"lot","post"
"post","realli"
"post","use"
"advic","back"
"back","chang"
"back","educ"
"back","hospit"
"back","nutrit"
"back","post"
"chang","educ"
"chang","health"
"chang","hospit"
"chang","just"
"chang","post"
"educ","post"
"feel","health"
"get","hospit"
"health","hospit"
"health","post"
"hospit","one"
"hospit","post"
"hospit","realli"
"also","chang"
"also","state"
"also","thing"
"care","eat"
"care","one"
"care","post"
"care","state"
"care","thing"
"care","want"
"chang","lot"
"chang","requir"
"chang","state"
"chang","want"
"eat","get"
"eat","post"
"eat","requir"
"eat","see"
"eat","state"
"get","requir"
"get","state"
"lot","requir"
"lot","start"
"lot","state"
"lot","thing"
"lot","want"
"one","requir"
"one","state"
"post","see"
"post","start"
"post","state"
"realli","requir"
"realli","state"
"realli","want"
"recent","state"
"requir","see"
"requir","thing"
"requir","want"
"see","state"
"start","state"
"state","thing"
"state","want"
"thing","want"
"chang","weight"
"everyon","week"
"help","week"
"much","want"
"recommend","week"
"see","week"
"want","week"
"career","day"
"day","educ"
"day","peopl"
"dietitian","exam"
"educ","exam"
"educ","make"
"exam","peopl"
"exam","see"
"exam","thought"
"anyon","recommend"
"anyon","year"
"educ","even"
"educ","manag"
"educ","much"
"educ","recommend"
"educ","use"
"even","good"
"even","think"
"good","manag"
"just","recommend"
"manag","much"
"manag","post"
"manag","recommend"
"post","recommend"
"post","think"
"think","use"
"anyon","find"
"current","recommend"
"find","week"
"plan","recommend"
"plan","week"
"program","week"
"appreci","state"
"clinic","help"
"clinic","state"
"clinic","use"
"help","state"
"job","month"
"job","state"
"job","use"
"month","state"
"month","use"
"much","state"
"state","work"
"ask","master"
"ask","nutrit"
"consid","use"
"differ","use"
"rds","realli"
"rds","see"
"educ","weight"
"educ","work"
"know","weight"
"time","tri"
"care","day"
"care","weight"
"day","recommend"
"day","take"
"day","think"
"day","weight"
"eat","plan"
"eat","take"
"eat","think"
"mani","weight"
"nutrit","weight"
"plan","realli"
"plan","weight"
"take","weight"
"advic","see"
"client","job"
"client","make"
"client","much"
"client","posit"
"client","requir"
"client","seem"
"day","pay"
"day","posit"
"differ","posit"
"differ","requir"
"differ","see"
"differ","seem"
"look","lot"
"look","posit"
"much","pay"
"much","requir"
"patient","posit"
"pay","peopl"
"peopl","requir"
"posit","requir"
"posit","seem"
"posit","time"
"find","like"
"even","learn"
"help","lot"
"know","learn"
"learn","want"
"need","new"
"take","want"
"exam","look"
"exam","recommend"
"month","recommend"
"recommend","time"
"also","degre"
"appreci","school"
"consid","school"
"consid","want"
"degre","much"
"degre","share"
"degre","think"
"degre","want"
"degre","work"
"experi","school"
"much","school"
"patient","school"
"school","share"
"school","think"
"anyon","get"
"ask","get"
"ask","state"
"everyon","get"
"everyon","health"
"health","state"
"love","state"
"manag","state"
"help","post"
"post","sinc"
"learn","make"
"make","new"
"privat","want"
"degre","hospit"
"degre","lot"
"degre","thought"
"hospit","look"
"hospit","master"
"lot","master"
"master","new"
"master","share"
"master","thought"
"new","share"
"see","share"
"share","year"
"want","year"
"dietet","lot"
"dietet","make"
"lot","school"
"make","school"
"peopl","school"
"day","find"
"educ","find"
"educ","food"
"educ","recent"
"educ","time"
"find","year"
"food","job"
"thing","time"
"get","pay"
"help","pay"
"love","pay"
"love","post"
"pay","post"
"pay","want"
"client","state"
"client","week"
"find","provid"
"find","state"
"mani","provid"
"mani","state"
"mani","week"
"pay","provid"
"pay","state"
"provid","question"
"provid","see"
"question","state"
"appreci","client"
"appreci","exam"
"appreci","good"
"appreci","hour"
"appreci","weight"
"client","exam"
"client","hour"
"client","just"
"client","weight"
"dietitian","hour"
"exam","good"
"exam","hour"
"exam","job"
"exam","much"
"exam","new"
"exam","realli"
"exam","think"
"exam","week"
"exam","weight"
"exam","will"
"good","hour"
"good","make"
"good","plan"
"good","start"
"good","weight"
"good","will"
"hour","new"
"hour","plan"
"hour","realli"
"hour","start"
"hour","weight"
"just","weight"
"know","realli"
"make","weight"
"new","plan"
"week","weight"
"weight","will"
"ask","share"
"question","share"
"back","career"
"back","exam"
"back","interest"
"back","love"
"back","much"
"back","take"
"back","time"
"career","new"
"dietitian","pay"
"exam","hospit"
"exam","love"
"interest","much"
"interest","new"
"new","pay"
"pay","work"
"advic","provid"
"educ","provid"
"educ","rds"
"educ","share"
"even","interest"
"feel","provid"
"feel","share"
"health","provid"
"interest","look"
"interest","make"
"interest","one"
"interest","privat"
"interest","rds"
"interest","see"
"interest","year"
"job","provid"
"just","privat"
"just","rds"
"look","mani"
"make","mani"
"make","provid"
"mani","rds"
"mani","share"
"mani","year"
"one","provid"
"peopl","provid"
"privat","provid"
"privat","share"
"privat","take"
"provid","rds"
"provid","take"
"provid","year"
"rds","take"
"rds","think"
"good","want"
"dietet","dietitian"
"dietet","new"
"dietet","patient"
"dietet","week"
"new","patient"
"one","week"
"patient","week"
"share","week"
"degre","good"
"degre","recent"
"educ","master"
"everyon","year"
"job","master"
"career","eat"
"career","good"
"eat","look"
"eat","privat"
"eat","share"
"eat","tri"
"eat","will"
"good","look"
"good","privat"
"good","share"
"good","tri"
"share","start"
"degre","recommend"
"degre","sinc"
"master","sinc"
"recommend","sinc"
"becom","educ"
"becom","provid"
"becom","realli"
"becom","see"
"becom","seem"
"becom","start"
"becom","thought"
"becom","want"
"differ","provid"
"differ","year"
"educ","hour"
"educ","seem"
"hour","interest"
"hour","nutrit"
"hour","provid"
"hour","see"
"hour","seem"
"hour","thought"
"hour","time"
"hour","want"
"hour","year"
"interest","seem"
"provid","seem"
"provid","thought"
"provid","time"
"day","week"
"current","pay"
"current","post"
"experi","recommend"
"lot","recommend"
"lot","sinc"
"much","sinc"
"pay","recommend"
"consid","need"
"consid","provid"
"consid","sinc"
"experi","provid"
"job","want"
"love","provid"
"practic","provid"
"provid","sinc"
"sinc","take"
"care","use"
"question","recommend"
"share","sinc"
"dietet","differ"
"dietet","start"
"dietet","want"
"differ","recent"
"appreci","ask"
"ask","plan"
"ask","thing"
"exam","thing"
"ask","becom"
"ask","differ"
"ask","good"
"ask","rds"
"becom","client"
"becom","rds"
"client","get"
"client","rds"
"differ","privat"
"get","good"
"get","hour"
"good","rds"
"hour","rds"
"plan","rds"
"sinc","time"
"eat","job"
"also","weight"
"appreci","pay"
"care","learn"
"day","post"
"day","practic"
"learn","thing"
"lot","nutrit"
"lot","weight"
"make","post"
"month","pay"
"month","post"
"month","thing"
"month","think"
"month","thought"
"month","weight"
"one","pay"
"pay","weight"
"post","weight"
"practic","thing"
"see","weight"
"thing","weight"
"think","time"
"thought","weight"
"time","weight"
"advic","degre"
"career","learn"
"consid","educ"
"consid","thought"
"degre","learn"
"degre","love"
"degre","question"
"dietet","get"
"dietet","learn"
"dietet","privat"
"dietet","take"
"differ","help"
"differ","learn"
"educ","learn"
"learn","love"
"current","rds"
"current","see"
"current","seem"
"dietet","even"
"dietet","rds"
"even","seem"
"feel","seem"
"good","program"
"good","question"
"know","program"
"know","rds"
"rds","seem"
"back","care"
"back","find"
"back","lot"
"back","patient"
"back","posit"
"care","educ"
"care","interest"
"career","posit"
"career","post"
"consid","posit"
"educ","lot"
"educ","month"
"educ","patient"
"educ","pay"
"educ","posit"
"find","posit"
"find","post"
"find","want"
"find","way"
"interest","month"
"interest","posit"
"lot","way"
"month","posit"
"month","way"
"patient","post"
"posit","post"
"posit","recent"
"posit","way"
"everyon","lot"
"appreci","posit"
"appreci","sinc"
"ask","career"
"ask","lot"
"ask","realli"
"ask","sinc"
"ask","tri"
"ask","way"
"ask","week"
"career","use"
"dietet","posit"
"dietet","tri"
"everyon","posit"
"lot","question"
"one","posit"
"posit","realli"
"posit","sinc"
"posit","tri"
"posit","use"
"question","way"
"recent","week"
"sinc","week"
"time","use"
"use","week"
"way","week"
"dietitian","program"
"dietitian","school"
"interest","weight"
"school","weight"
"dietitian","state"
"good","love"
"good","state"
"health","plan"
"interest","state"
"interest","week"
"love","weight"
"pay","plan"
"practic","state"
"state","time"
"state","weight"
"back","becom"
"back","even"
"back","will"
"becom","look"
"becom","question"
"becom","use"
"current","use"
"ask","back"
"find","manag"
"find","start"
"hospit","patient"
"hospit","use"
"becom","recommend"
"make","want"
"find","one"
"find","requir"
"find","take"
"requir","tri"
"dietet","recommend"
"lot","program"
"one","program"
"one","recommend"
"practic","recommend"
"recommend","way"
"everyon","school"
"interest","recommend"
"job","recommend"
"love","school"
"realli","school"
"recommend","school"
"dietitian","master"
"master","think"
"exam","use"
"becom","dietitian"
"dietet","hospit"
"even","love"
"client","take"
"care","dietitian"
"care","new"
"dietitian","requir"
"educ","tri"
"plan","tri"
"requir","think"
"care","tri"
"current","make"
"current","thing"
"day","tri"
"get","mani"
"degre","month"
"differ","new"
"differ","program"
"learn","like"
"learn","program"
"month","program"
"month","share"
"month","tri"
"program","share"
"becom","health"
"also","manag"
"back","rds"
"back","share"
"career","manag"
"chang","help"
"chang","look"
"chang","manag"
"chang","practic"
"chang","rds"
"consid","hospit"
"consid","manag"
"consid","tri"
"help","hospit"
"hospit","privat"
"manag","share"
"manag","want"
"rds","tri"
"question","thing"
"differ","post"
"find","hospit"
"hospit","thank"
"share","use"
"appreci","seem"
"nutrit","week"
"seem","week"
"thought","week"
"appreci","back"
"appreci","eat"
"ask","care"
"ask","experi"
"back","eat"
"degre","weight"
"feel","weight"
"want","weight"
"weight","year"
"chang","posit"
"posit","start"
"posit","will"
"manag","nutrit"
"manag","provid"
"provid","work"
"lot","manag"
"lot","provid"
"much","provid"
"patient","provid"
"ask","degre"
"ask","even"
"becom","sinc"
"also","find"
"even","find"
"find","get"
"mani","much"
"month","realli"
"care","manag"
"care","sinc"
"manag","plan"
"much","tri"
"practic","use"
"help","provid"
"patient","sinc"
"provid","requir"
"clinic","school"
"privat","school"
"care","good"
"consid","new"
"consid","recommend"
"consid","week"
"day","good"
"find","share"
"good","take"
"learn","recommend"
"learn","week"
"like","manag"
"recommend","share"
"consid","food"
"day","state"
"food","state"
"need","state"
"appreci","program"
"career","hour"
"chang","hour"
"chang","program"
"chang","school"
"chang","week"
"everyon","hour"
"everyon","new"
"exam","find"
"exam","post"
"find","hour"
"find","school"
"hour","post"
"hour","program"
"hour","requir"
"hour","school"
"new","post"
"post","program"
"post","school"
"post","week"
"requir","week"
"school","see"
"school","week"
"food","use"
"dietitian","find"
"food","interest"
"becom","state"
"chang","differ"
"chang","interest"
"chang","provid"
"chang","sinc"
"consid","thing"
"day","interest"
"day","provid"
"differ","state"
"educ","state"
"educ","week"
"experi","state"
"health","thing"
"make","sinc"
"make","state"
"nutrit","state"
"sinc","state"
"posit","provid"
"posit","share"
"program","state"
"back","degre"
"back","master"
"back","school"
"care","school"
"degre","one"
"one","school"
"clinic","program"
"need","share"
"share","thing"
"much","thing"
"privat","thing"
"exam","help"
"month","requir"
"current","patient"
"consid","eat"
"eat","peopl"
"degre","mani"
"degre","peopl"
"care","dietet"
"post","seem"
"look","love"
"chang","pay"
"chang","work"
"hospit","thing"
"educ","program"
"everyon","rds"
"find","rds"
"find","sinc"
"rds","week"
"mani","posit"
"client","tri"
"clinic","provid"
"interest","tri"
"current","degre"
"degre","eat"
"differ","eat"
"eat","love"
"becom","program"
"becom","school"
"school","start"
"anyon","rds"
"clinic","health"
"dietet","much"
"dietet","work"
"experi","posit"
"manag","posit"
"ask","new"
